{
  "ReRoutes": [
    {
      "DownstreamPathTemplate": "/api/user/getuser",
      "DownstreamScheme": "http",
      "DownstreamHostAndPorts": [
        {
          "Host": "localhost",
          "Port": 59370
        }
      ],
      "UpstreamPathTemplate": "/getuser"
    },
    {
      "DownstreamPathTemplate": "/api/product/getproduct",
      "DownstreamScheme": "http",
      "DownstreamHostAndPorts": [
        {
          "Host": "localhost",
          "Port": 54877
        }
      ],
      "UpstreamPathTemplate": "/getproduct"
    }
    
  ],
  "GlobalConfiguration": {
    "BaseUrl": "http://localhost:7000"
  }

}
